Name,Age,Grade,Subject,Score,Result
Olivia,18,12,Math,98,Pass
Eve,17,11,Math,95,Pass
Sophia,18,12,Physics,93,Pass
Bob,17,11,Science,92,Pass
Ivy,15,9,Math,91,Pass
Mia,16,10,Chemistry,90,Pass
Frank,15,9,Science,88,Pass
Quinn,16,10,Science,87,Pass
Kelly,18,12,English,86,Pass
Alice,16,10,Math,85,Pass
Noah,15,9,Biology,82,Pass
Thomas,17,11,Chemistry,81,Pass
Henry,17,11,History,80,Pass
Jack,16,10,Science,79,Pass
Charlie,15,9,English,78,Pass
Liam,17,11,Physics,75,Pass
Grace,16,10,English,72,Pass
Peter,17,11,History,70,Pass
Ryan,15,9,English,68,Pass
David,16,10,History,65,Pass
